name,km,category,rating,reviews,price,status,menu,phone,address,link
Juju,0.3,Restaurant,4.500000,1055,,,"{""link"":"""",""source"":""""}",089566 91430,"House, Juju, number 29/1, 29/1, Fatona, Gandaulim, Colva, Go",https://www.google.com/maps/place/Juju/data=!4m7!3m6!1s0x3bbfb7c170999c71:0x10985cf86cf89145!8m2!3d15.2887909!4d73.9204352!16s%2Fg%2F11jt3wp0l2!19sChIJcZyZcMG3vzsRRZH4bPhcmBA?authuser=0&hl=en&g_ep=EgoyMDI2MDkzMC4wIJJjKgBIAVAD&rclk=1
Fish ka Bar 'n' Restaurant,0.8,Seafood restaurant,4.200000,3422,,"Indian, Asian & continental fish dishes","{""link"":"""",""source"":""""}",096653 24240,"Pockvaddo, Betalbatim, Goa 403713",https://www.google.com/maps/place/Fish+ka+Bar+%27n%27+Restaurant/data=!4m7!3m6!1s0x3bbfb75c4c0a4197:0xadbbd908e05be7fa!8m2!3d15.2989027!4d73.9189627!16s%2Fg%2F1tdyjnsj!19sChIJl0EKTFy3vzsR-udb4AjZu60?authuser=0&hl=en&g_ep=EgoyMDI2MDkzMC4wIJJjKgBIAVAD&rclk=1
Kingslee Restaurant,0.9,Family restaurant,4.400000,117,,Brunch,"{""link"":"""",""source"":""""}",,"Fatona, Betalbatim, Goa 403713",https://www.google.com/maps/place/Kingslee+Restaurant/data=!4m7!3m6!1s0x3bbfb700335636c7:0x5b8971873abd2aaa!8m2!3d15.2999375!4d73.9218125!16s%2Fg%2F11lcnnv413!19sChIJxzZWMwC3vzsRqiq9OodxiVs?authuser=0&hl=en&g_ep=EgoyMDI2MDkzMC4wIJJjKgBIAVAD&rclk=1
Amigueiro,1.1,Chinese restaurant,4.100000,125,,,"{""link"":"""",""source"":""""}",099230 76670,"opposite Coconut Groove, Fatona, Betalbatim, Goa 403713",https://www.google.com/maps/place/Amigueiro/data=!4m7!3m6!1s0x3bbfb697e38ecc4b:0x31ac5d3211b011ec!8m2!3d15.296186!4d73.912124!16s%2Fg%2F1q2_dd1q0!19sChIJS8yO45e2vzsR7BGwETJdrDE?authuser=0&hl=en&g_ep=EgoyMDI2MDkzMC4wIJJjKgBIAVAD&rclk=1
Nazaré Beachfront Restaurant,1.2,Restaurant,4.200000,626,,Brunch,"{""link"":"""",""source"":""""}",098502 05646,"beleza by the beach thondwado, Beach, Thondwaddo, Betalbatim",https://www.google.com/maps/place/Nazar%C3%A9+Beachfront+Restaurant/data=!4m7!3m6!1s0x3bbfb69916ae31a1:0xd5b8e9a65c848732!8m2!3d15.2901691!4d73.9102462!16s%2Fg%2F11c616yxkt!19sChIJoTGuFpm2vzsRMoeEXKbpuNU?authuser=0&hl=en&g_ep=EgoyMDI2MDkzMC4wIJJjKgBIAVAD&rclk=1
Cota Cozinha,1.2,Bar,4.600000,2686,,,"{""link"":"""",""source"":""""}",0832 288 0031,"Chaul, Fatona, Betalbatim, Goa 403713",https://www.google.com/maps/place/Cota+Cozinha/data=!4m7!3m6!1s0x3bbfb7bf770576eb:0x62bd76bae1cba1!8m2!3d15.3009719!4d73.9257716!16s%2Fg%2F11h07kg4bj!19sChIJ63YFd7-3vzsRocvhuna9YgA?authuser=0&hl=en&g_ep=EgoyMDI2MDkzMC4wIJJjKgBIAVAD&rclk=1
Magzika Beach Shack,1.3,Restaurant,4.200000,1261,,,"{""link"":"""",""source"":""""}",098234 81415,"Beach, near Nanu Resort, Thonvaddo Beach, Fatona, Betalbatim",https://www.google.com/maps/place/Magzika+Beach+Shack/data=!4m7!3m6!1s0x3bbfb6990eab5a61:0x7eb40e9c97f350a9!8m2!3d15.2916478!4d73.9086334!16s%2Fg%2F11b6p2kv27!19sChIJYVqrDpm2vzsRqVDzl5wOtH4?authuser=0&hl=en&g_ep=EgoyMDI2MDkzMC4wIJJjKgBIAVAD&rclk=1
FOOD LAND,1.4,Goan restaurant,4.500000,473,,,"{""link"":"""",""source"":""""}",077769 95626,"Shop No 462, FOOD LAND, Salcete, 1, 4th Ward, Colva, Goa 403",https://www.google.com/maps/place/FOOD+LAND/data=!4m7!3m6!1s0x3bbfb5d8fd6d1d99:0x3c38b044ba7ffd3f!8m2!3d15.2809621!4d73.9136918!16s%2Fg%2F11tj0yfhn_!19sChIJmR1t_di1vzsRP_1_ukSwODw?authuser=0&hl=en&g_ep=EgoyMDI2MDkzMC4wIJJjKgBIAVAD&rclk=1
Momoman Colva,1.5,Restaurant,3.400000,8,,,"{""link"":"""",""source"":""""}",,"centre, near colva, Chur, Colva, Goa 403708",https://www.google.com/maps/place/Momoman+Colva/data=!4m7!3m6!1s0x3bbfb5758a3c8025:0xaf826476102e1733!8m2!3d15.2784269!4d73.9231521!16s%2Fg%2F11xfs42wzn!19sChIJJYA8inW1vzsRMxcuEHZkgq8?authuser=0&hl=en&g_ep=EgoyMDI2MDkzMC4wIJJjKgBIAVAD&rclk=1
Wow! Momo,1.5,Momo restaurant,4.000000,266,,Brunch,"{""link"":"""",""source"":""""}",098361 98361,"Shop No 31, Wow! Momo, Next Baskin Robbins, Colva Beach Rd, ",https://www.google.com/maps/place/Wow!+Momo/data=!4m7!3m6!1s0x3bbfb58243673bd1:0x9b4ed743b7433c39!8m2!3d15.2780156!4d73.9208823!16s%2Fg%2F11tng88zr8!19sChIJ0TtnQ4K1vzsROTxDt0PXTps?authuser=0&hl=en&g_ep=EgoyMDI2MDkzMC4wIJJjKgBIAVAD&rclk=1
Trisara Multicuisine Restaurant & Bar,1.5,Goan restaurant,4.600000,624,,,"{""link"":"""",""source"":""""}",0788 822 0229,"4th ward, behind HDFC bank, Colva, Goa 403708",https://www.google.com/maps/place/Trisara+Multicuisine+Restaurant+%26+Bar/data=!4m7!3m6!1s0x3bbfb51c5bbe16cb:0x378f79393dda06fd!8m2!3d15.2780809!4d73.9182217!16s%2Fg%2F11s152tnb7!19sChIJyxa-Wxy1vzsR_QbaPTl5jzc?authuser=0&hl=en&g_ep=EgoyMDI2MDkzMC4wIJJjKgBIAVAD&rclk=1
Martin's Corner,1.5,Seafood restaurant,4.400000,25025,,Bustling Indian & Chinese bistro,"{""link"":"""",""source"":""""}",0832 288 0061,"69, Binwaddo, Betalbatim, Goa 403713",https://www.google.com/maps/place/Martin%27s+Corner/data=!4m7!3m6!1s0x3bbfb6dda67ab363:0x7be42cfd4e9de95!8m2!3d15.303788!4d73.914329!16s%2Fg%2F11b5wkpk7y!19sChIJY7N6pt22vzsRld7p1M9Cvgc?authuser=0&hl=en&g_ep=EgoyMDI2MDkzMC4wIJJjKgBIAVAD&rclk=1
The Red Ginger,1.7,Pan-Asian restaurant,4.600000,4047,,Warm eatery serving Asian dishes,"{""link"":"""",""source"":""""}",088884 76666,"Skylark Resort, House No 447/2 4th Ward, Colva, Goa 403708",https://www.google.com/maps/place/The+Red+Ginger/data=!4m7!3m6!1s0x3bbfb40f1d910e43:0x8a60e6603313269f!8m2!3d15.2773736!4d73.9162072!16s%2Fg%2F11c5g_699w!19sChIJQw6RHQ-0vzsRnyYTM2DmYIo?authuser=0&hl=en&g_ep=EgoyMDI2MDkzMC4wIJJjKgBIAVAD&rclk=1
Momo point,1.7,Tibetan restaurant,5.000000,1,,,"{""link"":"""",""source"":""""}",,"7WHH+78R Momo point, Fatona, Vaneli, Goa 403708",https://www.google.com/maps/place/Momo+point/data=!4m7!3m6!1s0x3bbfb50007b363b9:0xc5cc86872ddba573!8m2!3d15.2782927!4d73.9282472!16s%2Fg%2F11vspn3c9z!19sChIJuWOzBwC1vzsRc6XbLYeGzMU?authuser=0&hl=en&g_ep=EgoyMDI2MDkzMC4wIJJjKgBIAVAD&rclk=1
Praia Da Colva Kitchen & Bar,1.7,Family restaurant,4.500000,6058,,Brunch,"{""link"":"""",""source"":""""}",097637 02726,"Fatona, Colva, Goa 403708",https://www.google.com/maps/place/Praia+Da+Colva+Kitchen+%26+Bar/data=!4m7!3m6!1s0x3bbfb4196e5a7459:0x50e52266602fcbbc!8m2!3d15.2766206!4d73.9173809!16s%2Fg%2F11hd70fbgc!19sChIJWXRabhm0vzsRvMsvYGYi5VA?authuser=0&hl=en&g_ep=EgoyMDI2MDkzMC4wIJJjKgBIAVAD&rclk=1
Viva Goa Restaurant Colva,1.7,Goan restaurant,4.300000,1651,,Goan restaurant & bar with a patio,"{""link"":"""",""source"":""""}",074474 46575,"Colva 4 Cross Road, Sernabatim Rd, next to Lions Club, 4th W",https://www.google.com/maps/place/Viva+Goa+Restaurant+Colva/data=!4m7!3m6!1s0x3bbfb41af78f5131:0x79ae48e69e7247cd!8m2!3d15.2760426!4d73.9213912!16s%2Fg%2F1tf00y0z!19sChIJMVGP9xq0vzsRzUdynuZIrnk?authuser=0&hl=en&g_ep=EgoyMDI2MDkzMC4wIJJjKgBIAVAD&rclk=1
RED DRAGON,1.7,Chinese restaurant,4.700000,50,,,"{""link"":"""",""source"":""""}",070581 81758,"Colva - Benaulim Rd, Fatona, Vaneli, Colva, Goa 403708",https://www.google.com/maps/place/RED+DRAGON/data=!4m7!3m6!1s0x3bbfb5e82f3521e5:0xa72828e02d4ed962!8m2!3d15.2784916!4d73.9296606!16s%2Fg%2F11x_s4hkgn!19sChIJ5SE1L-i1vzsRYtlOLeAoKKc?authuser=0&hl=en&g_ep=EgoyMDI2MDkzMC4wIJJjKgBIAVAD&rclk=1
Hot And Spice Kitchen,1.7,South Indian restaurant,4.000000,433,,Brunch,"{""link"":"""",""source"":""""}",073507 72340,"Colva Beach Cir, Fatona, Colva, Goa 403708",https://www.google.com/maps/place/Hot+And+Spice+Kitchen/data=!4m7!3m6!1s0x3bbfb418dfb0a047:0xef041f47460e1c99!8m2!3d15.276955!4d73.9153149!16s%2Fg%2F11gcn7b5q2!19sChIJR6Cw3xi0vzsRmRwORkcfBO8?authuser=0&hl=en&g_ep=EgoyMDI2MDkzMC4wIJJjKgBIAVAD&rclk=1
The Garden Restaurant,1.7,Indian restaurant,4.200000,1263,,,"{""link"":"""",""source"":""""}",083790 43188,"La Ben Resort, Colva Beach Rd, Colva, Goa 403708",https://www.google.com/maps/place/The+Garden+Restaurant/data=!4m7!3m6!1s0x3bbfb4190dc08dd3:0xef2c0c5910555d79!8m2!3d15.2764999!4d73.9166022!16s%2Fg%2F11bw4vw4j_!19sChIJ043ADRm0vzsReV1VEFkMLO8?authuser=0&hl=en&g_ep=EgoyMDI2MDkzMC4wIJJjKgBIAVAD&rclk=1
"Kinara Multicuisine Restaurant & Bar, Colva",1.7,Restaurant,4.600000,344,,,"{""link"":"""",""source"":""""}",077579 24967,"Colva Beach Rd, opposite Tourist Facilitation Centre, Colva,","https://www.google.com/maps/place/Kinara+Multicuisine+Restaurant+%26+Bar,+Colva/data=!4m7!3m6!1s0x3bbfb50c6054a3b7:0x185b2f30f11a5caf!8m2!3d15.2764897!4d73.9163093!16s%2Fg%2F11w20crlgz!19sChIJt6NUYAy1vzsRr1wa8TAvWxg?authuser=0&hl=en&g_ep=EgoyMDI2MDkzMC4wIJJjKgBIAVAD&rclk=1"
Spice Studio Restaurant,1.9,Goan restaurant,4.600000,105,,Brunch,"{""link"":"""",""source"":""""}",091588 96997,"Alila Diwa, Spice Studio Restaurant, Pacheco Vaddo, Majorda,",https://www.google.com/maps/place/Spice+Studio+Restaurant/data=!4m7!3m6!1s0x3bbfb6eab3f75e55:0xf1c4902f148644c8!8m2!3d15.3057889!4d73.9119021!16s%2Fg%2F11bx1yzdyr!19sChIJVV73s-q2vzsRyESGFC-QxPE?authuser=0&hl=en&g_ep=EgoyMDI2MDkzMC4wIJJjKgBIAVAD&rclk=1
Kentuckee Seafood Restaurant,1.9,Seafood restaurant,4.000000,4377,,Beachfront Goan seafood restaurant,"{""link"":"""",""source"":""""}",086698 88898,"Colva Beach Rd, opposite Colva Beach Circle, Colva, Goa 4037",https://www.google.com/maps/place/Kentuckee+Seafood+Restaurant/data=!4m7!3m6!1s0x3bbfb41976bfb571:0xf95edafc45583633!8m2!3d15.2758961!4d73.9143936!16s%2Fg%2F1tj1__73!19sChIJcbW_dhm0vzsRMzZYRfzaXvk?authuser=0&hl=en&g_ep=EgoyMDI2MDkzMC4wIJJjKgBIAVAD&rclk=1
Ripples Restaurant,1.9,Restaurant,4.400000,47,,,"{""link"":"""",""source"":""""}",096079 52853,"4th-Ward, Ripples Restaurant, Club-Mahindra-Resort, Acacia R",https://www.google.com/maps/place/Ripples+Restaurant/data=!4m7!3m6!1s0x3bbfb5b504b73abb:0x808908d11d8069ab!8m2!3d15.2752473!4d73.9154001!16s%2Fg%2F11f7t72vst!19sChIJuzq3BLW1vzsRq2mAHdEIiYA?authuser=0&hl=en&g_ep=EgoyMDI2MDkzMC4wIJJjKgBIAVAD&rclk=1
The Camron Restaurant & Bar,1.9,Goan restaurant,4.500000,1579,,Brunch,"{""link"":"""",""source"":""""}",099224 83479,"Salcette Hotel, opposite Hotel Alila, Pacheco Vaddo, Diwa, M",https://www.google.com/maps/place/The+Camron+Restaurant+%26+Bar/data=!4m7!3m6!1s0x3bbfb6eaa9413b91:0x2955e92ec324cf7a!8m2!3d15.3065248!4d73.9121966!16s%2Fg%2F11cfhghfp!19sChIJkTtBqeq2vzsRes8kwy7pVSk?authuser=0&hl=en&g_ep=EgoyMDI2MDkzMC4wIJJjKgBIAVAD&rclk=1
Momo Man,1.9,Restaurant,4.400000,139,,,"{""link"":"""",""source"":""""}",,"Benaulim, Goa 403708",https://www.google.com/maps/place/Momo+Man/data=!4m7!3m6!1s0x3bbfb547098ebb39:0x85bdb4759399f497!8m2!3d15.2785314!4d73.932816!16s%2Fg%2F11gl4jcjcq!19sChIJObuOCUe1vzsRl_SZk3W0vYU?authuser=0&hl=en&g_ep=EgoyMDI2MDkzMC4wIJJjKgBIAVAD&rclk=1
Da Tita by Magic Italy,2.0,Italian restaurant,4.400000,4659,,Classic Italian fare in a whimsical spot,"{""link"":"""",""source"":""""}",095525 30743,"Calata, Girim, Goa 403713",https://www.google.com/maps/place/Da+Tita+by+Magic+Italy/data=!4m7!3m6!1s0x3bbe455117dc8f3d:0xa09c58c50409922!8m2!3d15.3088022!4d73.9263321!16s%2Fg%2F1hc5099d5!19sChIJPY_cF1FFvjsRIplAUIzFCQo?authuser=0&hl=en&g_ep=EgoyMDI2MDkzMC4wIJJjKgBIAVAD&rclk=1
Pagoda momo's,2.0,Momo restaurant,4.800000,26,,,"{""link"":"""",""source"":""""}",,"7WHM+MX9 Pagoda momo's, Colva Beach Rd, Fatona, Colva, Serau",https://www.google.com/maps/place/Pagoda+momo%27s/data=!4m7!3m6!1s0x3bbfb51e1c4d547d:0xde1a2bea374b553d!8m2!3d15.2791685!4d73.9349847!16s%2Fg%2F11t51jrfcy!19sChIJfVRNHB61vzsRPVVLN-orGt4?authuser=0&hl=en&g_ep=EgoyMDI2MDkzMC4wIJJjKgBIAVAD&rclk=1
Yum Yum Momo Murda Grand Nuvem,2.3,Restaurant,2.600000,13,,,"{""link"":"""",""source"":""""}",098957 53834,"Shop 7, Yum Yum Momo Murda Grand Nuvem, Symphony Complex, Mu",https://www.google.com/maps/place/Yum+Yum+Momo+Murda+Grand+Nuvem/data=!4m7!3m6!1s0x3bbfb79c9c23391f:0x1c0bc13a1e803051!8m2!3d15.3077879!4d73.9337955!16s%2Fg%2F11vr9929gv!19sChIJHzkjnJy3vzsRUTCAHjrBCxw?authuser=0&hl=en&g_ep=EgoyMDI2MDkzMC4wIJJjKgBIAVAD&rclk=1
Rice Bowl Seraulim,2.3,Chinese restaurant,4.300000,1384,,,"{""link"":"""",""source"":""""}",098223 83339,"Seraulim, Goa 403708",https://www.google.com/maps/place/Rice+Bowl+Seraulim/data=!4m7!3m6!1s0x3bbfb3f8dabe95f3:0x3a822e0de7cf816a!8m2!3d15.2794825!4d73.9384823!16s%2Fg%2F11c2l0zl2b!19sChIJ85W-2vizvzsRaoHP5w0ugjo?authuser=0&hl=en&g_ep=EgoyMDI2MDkzMC4wIJJjKgBIAVAD&rclk=1
That house,2.6,Goan restaurant,4.700000,153,,,"{""link"":"""",""source"":""""}",,"road, Colva, Margao, Goa 403708",https://www.google.com/maps/place/That+house/data=!4m7!3m6!1s0x3bbfb332a9c804d3:0x3203f21237949550!8m2!3d15.2771343!4d73.9397993!16s%2Fg%2F11y3bsx775!19sChIJ0wTIqTKzvzsRUJWUNxLyAzI?authuser=0&hl=en&g_ep=EgoyMDI2MDkzMC4wIJJjKgBIAVAD&rclk=1
Red Lantern Restaurant,2.7,Chinese restaurant,4.200000,457,,,"{""link"":"""",""source"":""""}",099228 53605,"Chinchmorod Vanelim, Colva, Goa 403708",https://www.google.com/maps/place/Red+Lantern+Restaurant/data=!4m7!3m6!1s0x3bbfb59ef0a2527d:0x1958e59d681f1f23!8m2!3d15.2687923!4d73.9287667!16s%2Fg%2F11h1qqngm5!19sChIJfVKi8J61vzsRIx8faJ3lWBk?authuser=0&hl=en&g_ep=EgoyMDI2MDkzMC4wIJJjKgBIAVAD&rclk=1
Andre Family Restaurant,2.7,Family restaurant,4.500000,397,,Brunch,"{""link"":"""",""source"":""""}",098233 62129,"Pacheco Vaddo, Gansua, Majorda, Goa 403713",https://www.google.com/maps/place/Andre+Family+Restaurant/data=!4m7!3m6!1s0x3bbfb6e97006becd:0xe22dd6f05f630a02!8m2!3d15.3129298!4d73.9091237!16s%2Fg%2F11f3nk__mk!19sChIJzb4GcOm2vzsRAgpjX_DWLeI?authuser=0&hl=en&g_ep=EgoyMDI2MDkzMC4wIJJjKgBIAVAD&rclk=1
Lamas Fast Food,2.7,Restaurant,4.000000,72,,,"{""link"":"""",""source"":""""}",090966 60771,"H.no, Lamas Fast Food, 25, igreja, Pacheco Vaddo, Majorda, G",https://www.google.com/maps/place/Lamas+Fast+Food/data=!4m7!3m6!1s0x3bbfb72e2a212e2f:0x40816aaf3fc259d3!8m2!3d15.3157748!4d73.9190432!16s%2Fg%2F11fn46_v0k!19sChIJLy4hKi63vzsR01nCP69qgUA?authuser=0&hl=en&g_ep=EgoyMDI2MDkzMC4wIJJjKgBIAVAD&rclk=1
Barca Bar + Kitchen,2.7,Goan restaurant,4.700000,446,,,"{""link"":"""",""source"":""""}",079722 57453,"Hno 259/2, Pacheco Vaddo, Majorda, Goa 403713",https://www.google.com/maps/place/Barca+Bar+%2B+Kitchen/data=!4m7!3m6!1s0x3bbfb529ba93e033:0x9167f3b5480b310b!8m2!3d15.3126308!4d73.9081498!16s%2Fg%2F11vhb_t1lj!19sChIJM-CTuim1vzsRCzELSLXzZ5E?authuser=0&hl=en&g_ep=EgoyMDI2MDkzMC4wIJJjKgBIAVAD&rclk=1
Samhen bar & restaurant goan cuisine,2.7,Goan restaurant,4.300000,168,,Brunch,"{""link"":"""",""source"":""""}",098228 80842,"Pacheco Vaddo, Gansua, Majorda, Goa 403713",https://www.google.com/maps/place/Samhen+bar+%26+restaurant+goan+cuisine/data=!4m7!3m6!1s0x3bbfb6e96f557aa5:0xdab8c00dbe336b11!8m2!3d15.3127707!4d73.9082987!16s%2Fg%2F11cs4jl0rz!19sChIJpXpVb-m2vzsREWszvg3AuNo?authuser=0&hl=en&g_ep=EgoyMDI2MDkzMC4wIJJjKgBIAVAD&rclk=1
Pentagon Restaurant and Garden Pub,2.8,Restaurant,4.300000,6623,,Airy Indian & Chinese eatery with music,"{""link"":"""",""source"":""""}",098220 91402,"Beach Road, Pacheco Wada, Majorda, Goa 403713",https://www.google.com/maps/place/Pentagon+Restaurant+and+Garden+Pub/data=!4m7!3m6!1s0x3bbfb6e94d7af04f:0xf2e489d685310653!8m2!3d15.3125465!4d73.9067583!16s%2Fg%2F11r9w3v1t!19sChIJT_B6Tem2vzsRUwYxhdaJ5PI?authuser=0&hl=en&g_ep=EgoyMDI2MDkzMC4wIJJjKgBIAVAD&rclk=1
Mish-Mar,3.1,Restaurant,4.100000,493,,Brunch,"{""link"":"""",""source"":""""}",098221 55154,"Majorda Beach Rd, Beach Road, Majorda, Goa 403713",https://www.google.com/maps/place/Mish-Mar/data=!4m7!3m6!1s0x3bbfb6ee0faa4607:0xa700e78aac89ceea!8m2!3d15.3118458!4d73.9017461!16s%2Fg%2F11bwpcrp_2!19sChIJB0aqD-62vzsR6s6JrIrnAKc?authuser=0&hl=en&g_ep=EgoyMDI2MDkzMC4wIJJjKgBIAVAD&rclk=1
Cuzina de Goa,3.3,Goan restaurant,4.400000,350,,,"{""link"":"""",""source"":""""}",098223 80751,"Turning Point, Utorda, Goa 403713",https://www.google.com/maps/place/Cuzina+de+Goa/data=!4m7!3m6!1s0x3bbfb7df024fca8f:0x8d1474fc8442262e!8m2!3d15.318794!4d73.909973!16s%2Fg%2F11m_jy7kyg!19sChIJj8pPAt-3vzsRLiZChPx0FI0?authuser=0&hl=en&g_ep=EgoyMDI2MDkzMC4wIJJjKgBIAVAD&rclk=1
Dinha's Restaurant,3.6,Goan restaurant,4.600000,1257,,Brunch,"{""link"":"""",""source"":""""}",099227 87371,"Vasvaddo Beach Road, Benaulim, Goa 403716",https://www.google.com/maps/place/Dinha%27s+Restaurant/data=!4m7!3m6!1s0x3bbfb472fc9d39ab:0x256026095022f3a3!8m2!3d15.260076!4d73.9268284!16s%2Fg%2F12j05l0j3!19sChIJqzmd_HK0vzsRo_MiUAkmYCU?authuser=0&hl=en&g_ep=EgoyMDI2MDkzMC4wIJJjKgBIAVAD&rclk=1
Blue Corner Restaurant,3.6,Seafood restaurant,4.200000,954,,,"{""link"":"""",""source"":""""}",098504 55770,"Benaulin Beach, Salcete, Benaulim, Goa 403708",https://www.google.com/maps/place/Blue+Corner+Restaurant/data=!4m7!3m6!1s0x3bbfb46c83b3a6df:0xb1977346eccc7158!8m2!3d15.2589375!4d73.9185625!16s%2Fg%2F1ydpv9lwq!19sChIJ36azg2y0vzsRWHHM7EZzl7E?authuser=0&hl=en&g_ep=EgoyMDI2MDkzMC4wIJJjKgBIAVAD&rclk=1
The Southern Deck - Beach Bar & Bistro,3.7,Restaurant,4.400000,8618,,Rustic bistro serving global fare,"{""link"":"""",""source"":""""}",086687 42826,"Near, Beach, Benaulim, Goa 403708",https://www.google.com/maps/place/The+Southern+Deck+-+Beach+Bar+%26+Bistro/data=!4m7!3m6!1s0x3bbfb46c7a7d008f:0x49006bacb659022e!8m2!3d15.2582826!4d73.9191702!16s%2Fg%2F11ddwhsxs4!19sChIJjwB9emy0vzsRLgJZtqxrAEk?authuser=0&hl=en&g_ep=EgoyMDI2MDkzMC4wIJJjKgBIAVAD&rclk=1
Sky Rooftop Restaurant,3.8,Indian restaurant,4.300000,189,,,"{""link"":"""",""source"":""""}",098815 73557,"Benaulim, south goa mud, Goa 403716",https://www.google.com/maps/place/Sky+Rooftop+Restaurant/data=!4m7!3m6!1s0x3bbfb47a8724474f:0xf09ab5c43d143bf5!8m2!3d15.2579588!4d73.9281556!16s%2Fg%2F11gfn83ql3!19sChIJT0ckh3q0vzsR9TsUPcS1mvA?authuser=0&hl=en&g_ep=EgoyMDI2MDkzMC4wIJJjKgBIAVAD&rclk=1
Yum Yum Momos,3.8,Cafe,4.000000,1,,,"{""link"":"""",""source"":""""}",077983 38781,"Shop No 12, Yum Yum Momos, Murda, Fatorda, Nuvem, Margao, Go",https://www.google.com/maps/place/Yum+Yum+Momos/data=!4m7!3m6!1s0x3bbfb1604b5a2223:0x5b17c5433b27f619!8m2!3d15.2916326!4d73.956512!16s%2Fg%2F11ybnlf5p0!19sChIJIyJaS2CxvzsRGfYnO0PFF1s?authuser=0&hl=en&g_ep=EgoyMDI2MDkzMC4wIJJjKgBIAVAD&rclk=1
Ghaas Phoos - Veg Kitchen & Bar,3.8,Vegetarian restaurant,4.800000,901,,,"{""link"":"""",""source"":""""}",088550 65015,"O'Palmar, Vasavaddo, Benaulim Beach Rd, Benaulim, Goa 403716",https://www.google.com/maps/place/Ghaas+Phoos+-+Veg+Kitchen+%26+Bar/data=!4m7!3m6!1s0x3bbfb5004964f281:0xddf8716c5cf16356!8m2!3d15.2569586!4d73.9199839!16s%2Fg%2F11wnqsk8vj!19sChIJgfJkSQC1vzsRVmPxXGxx-N0?authuser=0&hl=en&g_ep=EgoyMDI2MDkzMC4wIJJjKgBIAVAD&rclk=1
Bab's Hideout,3.9,Seafood restaurant,4.300000,1380,,Brunch,"{""link"":"""",""source"":""""}",090494 44012,"Vasvaddo Beach Road, near Karma Royal Palms, Benaulim, Goa 4",https://www.google.com/maps/place/Bab%27s+Hideout/data=!4m7!3m6!1s0x3bbfb574548f2ddd:0xc2ce1cf6bdfb85ac!8m2!3d15.2574823!4d73.9282272!16s%2Fg%2F11t3215_0r!19sChIJ3S2PVHS1vzsRrIX7vfYczsI?authuser=0&hl=en&g_ep=EgoyMDI2MDkzMC4wIJJjKgBIAVAD&rclk=1
Cajy's Multicuisine Restaurant And Bar,4.0,Goan restaurant,4.600000,334,,,"{""link"":"""",""source"":""""}",096570 01420,"Francis pereira waddo, Utorda, Goa 403713",https://www.google.com/maps/place/Cajy%27s+Multicuisine+Restaurant+And+Bar/data=!4m7!3m6!1s0x3bbfb736f1e6b38f:0xf9bf7715467437fd!8m2!3d15.3205995!4d73.8995244!16s%2Fg%2F11s82t27_w!19sChIJj7Pm8Ta3vzsR_Td0RhV3v_k?authuser=0&hl=en&g_ep=EgoyMDI2MDkzMC4wIJJjKgBIAVAD&rclk=1
Momo Mia Cafe,4.0,Cafe,4.400000,188,,Brunch,"{""link"":"""",""source"":""""}",080105 29623,"Ground, Shop No15 , Osia Commercial Arcade, Basement , Floor",https://www.google.com/maps/place/Momo+Mia+Cafe/data=!4m7!3m6!1s0x3bbfb32fa5f360ff:0x76ac16be21c5ec8c!8m2!3d15.2850389!4d73.9574293!16s%2Fg%2F11qnrhnfy1!19sChIJ_2DzpS-zvzsRjOzFIb4WrHY?authuser=0&hl=en&g_ep=EgoyMDI2MDkzMC4wIJJjKgBIAVAD&rclk=1
Momo_cafe,4.1,Momo restaurant,3.500000,26,,,"{""link"":"""",""source"":""""}",095201 93228,"Basment Shop, Momo_cafe, D003SGPDA Market Complex, Fatorda, ",https://www.google.com/maps/place/Momo_cafe/data=!4m7!3m6!1s0x3bbfb37caa01f239:0x3299995bfb82295a!8m2!3d15.2857789!4d73.9583526!16s%2Fg%2F11m6xhbwtb!19sChIJOfIBqnyzvzsRWimC-1uZmTI?authuser=0&hl=en&g_ep=EgoyMDI2MDkzMC4wIJJjKgBIAVAD&rclk=1
Jiya's Roo_Chik Restaurant,4.2,Goan restaurant,4.400000,751,,,"{""link"":"""",""source"":""""}",083298 52098,"near Don Bosco, Pequeno, Pulvaddo, Benaulim, Goa 403716",https://www.google.com/maps/place/Jiya%27s+Roo_Chik+Restaurant/data=!4m7!3m6!1s0x3bbfb3505a5d70d5:0x7a7184462f97d3c!8m2!3d15.2615172!4d73.9449059!16s%2Fg%2F11pcmbtq6g!19sChIJ1XBdWlCzvzsRPH35YkQYpwc?authuser=0&hl=en&g_ep=EgoyMDI2MDkzMC4wIJJjKgBIAVAD&rclk=1
Salam Fast Food/ Chinese Nook,4.2,Arab restaurant,4.100000,302,,,"{""link"":"""",""source"":""""}",0832 271 1566,"Dr Miguel Miranda Rd, Pajifond, Margao, Goa 403601",https://www.google.com/maps/place/Salam+Fast+Food%2F+Chinese+Nook/data=!4m7!3m6!1s0x3bbfb3e77552fb07:0x4c7f8f79d62ab97a!8m2!3d15.2787769!4d73.9580336!16s%2Fg%2F11b6mnhlf1!19sChIJB_tSdeezvzsRerkq1nmPf0w?authuser=0&hl=en&g_ep=EgoyMDI2MDkzMC4wIJJjKgBIAVAD&rclk=1
Your story,4.3,Restaurant,4.400000,505,,Brunch,"{""link"":"""",""source"":""""}",,"behind fisheries, Benaulim, Goa 403716",https://www.google.com/maps/place/Your+story/data=!4m7!3m6!1s0x3bbfb55f18251ecd:0xbafbba97ea79204!8m2!3d15.2531002!4d73.9204352!16s%2Fg%2F11s16906fl!19sChIJzR4lGF-1vzsRBJKnfqm7rws?authuser=0&hl=en&g_ep=EgoyMDI2MDkzMC4wIJJjKgBIAVAD&rclk=1
Rice Bowl Margao,4.3,Chinese restaurant,4.200000,539,,,"{""link"":"""",""source"":""""}",097677 07407,"Shoba Apartment, New Market, Bhd Kunde Petrol Pump, New Mark",https://www.google.com/maps/place/Rice+Bowl+Margao/data=!4m7!3m6!1s0x3bbfb3e9c143a8a7:0x43519526e38e83b2!8m2!3d15.2765572!4d73.958037!16s%2Fg%2F1v3dqksv!19sChIJp6hDwemzvzsRsoOO4yaVUUM?authuser=0&hl=en&g_ep=EgoyMDI2MDkzMC4wIJJjKgBIAVAD&rclk=1
Mocha hi mocha,4.3,Momo restaurant,4.700000,64,,,"{""link"":"""",""source"":""""}",,"HP Petrol Pump, Comba, Pajifond, Margao, Goa 403601",https://www.google.com/maps/place/Mocha+hi+mocha/data=!4m7!3m6!1s0x3bbfb3005f4a87cb:0x5b08c37162bba4c!8m2!3d15.2743152!4d73.9573294!16s%2Fg%2F11vzqgxp_h!19sChIJy4dKXwCzvzsRTLorFjeMsAU?authuser=0&hl=en&g_ep=EgoyMDI2MDkzMC4wIJJjKgBIAVAD&rclk=1
Wow! Momo,4.4,Momo restaurant,4.200000,1202,,Brunch,"{""link"":"""",""source"":""""}",08071 497 322,"Shop No 1, Ground Floor, Wow! Momo, Garden View, Phase 1 CHS",https://www.google.com/maps/place/Wow!+Momo/data=!4m7!3m6!1s0x3bbfb34305a0adbf:0x802ade25942ecfe7!8m2!3d15.2750669!4d73.9581587!16s%2Fg%2F11sh6dpwj9!19sChIJv62gBUOzvzsR588ulCXeKoA?authuser=0&hl=en&g_ep=EgoyMDI2MDkzMC4wIJJjKgBIAVAD&rclk=1
Venzy's Multicuisine Restaurant & Bar,4.5,Restaurant,4.600000,163,,Brunch,"{""link"":"""",""source"":""""}",074477 73920,"Vasvaddo, near La Grace Resort, Ambol, Benaulim, Goa 403716",https://www.google.com/maps/place/Venzy%27s+Multicuisine+Restaurant+%26+Bar/data=!4m7!3m6!1s0x3bbfb569c53181f7:0xb520b169f3960e91!8m2!3d15.2520305!4d73.9285957!16s%2Fg%2F11h5gg4dg6!19sChIJ94ExxWm1vzsRkQ6W82mxILU?authuser=0&hl=en&g_ep=EgoyMDI2MDkzMC4wIJJjKgBIAVAD&rclk=1
Dragon spice restaurant,4.5,Chinese restaurant,4.100000,39,,,"{""link"":"""",""source"":""""}",075177 67747,"Flawless bar and restaurant (Franky bar, Utorda Beach Rd, Ve",https://www.google.com/maps/place/Dragon+spice+restaurant/data=!4m7!3m6!1s0x3bbfb73f1dd0be73:0x5a7b1cd7c4c4697d!8m2!3d15.3315662!4d73.9258693!16s%2Fg%2F11qh92tq3g!19sChIJc77QHT-3vzsRfWnExNcce1o?authuser=0&hl=en&g_ep=EgoyMDI2MDkzMC4wIJJjKgBIAVAD&rclk=1
Gaylin Chinese Restaurant And Bar,4.5,Chinese restaurant,3.900000,107,,,"{""link"":"""",""source"":""""}",0832 271 5026,"7XF5+XQ4 Gaylin Chinese Restaurant And Bar, Varde Valaulikar",https://www.google.com/maps/place/Gaylin+Chinese+Restaurant+And+Bar/data=!4m7!3m6!1s0x3bbfb30056238f29:0x415abc1f669639ea!8m2!3d15.2748943!4d73.9594401!16s%2Fg%2F11wc30xgtd!19sChIJKY8jVgCzvzsR6jmWZh-8WkE?authuser=0&hl=en&g_ep=EgoyMDI2MDkzMC4wIJJjKgBIAVAD&rclk=1
Tanuki,4.5,Pan-Asian restaurant,4.300000,699,,,"{""link"":"""",""source"":""""}",087885 56180,"A3 - A10 Ground Floor, Tanuki, near Grace Church, Pajifond, ",https://www.google.com/maps/place/Tanuki/data=!4m7!3m6!1s0x3bbfb3f4d1d9498d:0x52d93852a4e3669f!8m2!3d15.2741787!4d73.9592076!16s%2Fg%2F11ng75jkdp!19sChIJjUnZ0fSzvzsRn2bjpFI42VI?authuser=0&hl=en&g_ep=EgoyMDI2MDkzMC4wIJJjKgBIAVAD&rclk=1
Hawaii Garden Family Restaurant,4.6,Family restaurant,3.900000,1669,,Brunch,"{""link"":"""",""source"":""""}",098221 84936,"Vasvaddo Trinity beach, Vaddi, Benaulim, Goa 403716",https://www.google.com/maps/place/Hawaii+Garden+Family+Restaurant/data=!4m7!3m6!1s0x3bbfb4657a8a7d55:0x72a5ad1f2cc36985!8m2!3d15.2499375!4d73.9218125!16s%2Fg%2F11b7741158!19sChIJVX2KemW0vzsRhWnDLB-tpXI?authuser=0&hl=en&g_ep=EgoyMDI2MDkzMC4wIJJjKgBIAVAD&rclk=1
BENO,4.7,Restaurant,4.100000,2155,,Brunch,"{""link"":"""",""source"":""""}",084689 40150,"1239, Mazilwaddo, Benaulim, Goa 403716",https://www.google.com/maps/place/BENO/data=!4m7!3m6!1s0x3bbfb58094205323:0xf872e7c041f2915c!8m2!3d15.251476!4d73.9353349!16s%2Fg%2F11rsv1lp9d!19sChIJI1MglIC1vzsRXJHyQcDncvg?authuser=0&hl=en&g_ep=EgoyMDI2MDkzMC4wIJJjKgBIAVAD&rclk=1
Hot Wok,5.0,Chinese restaurant,4.700000,252,,,"{""link"":"""",""source"":""""}",,"Shop No A1, Hot Wok, Arlem Bypass, opposite SHETYE & SALKAR ",https://www.google.com/maps/place/Hot+Wok/data=!4m7!3m6!1s0x3bbfb9c20922465b:0x6555e23fc87bac3e!8m2!3d15.2945497!4d73.9676429!16s%2Fg%2F11q1lr7s4x!19sChIJW0YiCcK5vzsRPqx7yD_iVWU?authuser=0&hl=en&g_ep=EgoyMDI2MDkzMC4wIJJjKgBIAVAD&rclk=1
Three Kisses Restaurant 'N' Feni Bar,5.1,Goan restaurant,4.400000,1006,,Mixed-fare eatery overlooking greenery,"{""link"":"""",""source"":""""}",098221 33048,"Calvado, Benaulim, Goa 403716",https://www.google.com/maps/place/Three+Kisses+Restaurant+%27N%27+Feni+Bar/data=!4m7!3m6!1s0x3bbfb47b5901a885:0x312d0fc897d55966!8m2!3d15.2458902!4d73.9256595!16s%2Fg%2F11ynrjvx5!19sChIJhagBWXu0vzsRZlnVl8gPLTE?authuser=0&hl=en&g_ep=EgoyMDI2MDkzMC4wIJJjKgBIAVAD&rclk=1
Esco’s Sun n Moon,5.1,Seafood restaurant,4.500000,314,,Casual beachfront Indian restaurant,"{""link"":"""",""source"":""""}",,"on the beach, near Taj Exotica Calvaddo, Benaulim, Goa 40371",https://www.google.com/maps/place/Esco%E2%80%99s+Sun+n+Moon/data=!4m7!3m6!1s0x3bbfb4649a3dc87d:0x694ea5fd74a166e6!8m2!3d15.245538!4d73.9225169!16s%2Fg%2F1hc0t_68m!19sChIJfcg9mmS0vzsR5mahdP2lTmk?authuser=0&hl=en&g_ep=EgoyMDI2MDkzMC4wIJJjKgBIAVAD&rclk=1
The Bullion Bar & Bistro by Gigi Park,5.2,Goan restaurant,4.500000,657,,Brunch,"{""link"":"""",""source"":""""}",098902 63418,"opposite Karma Royal, near Taj Exotica, Benaulim, Goa 403716",https://www.google.com/maps/place/The+Bullion+Bar+%26+Bistro+by+Gigi+Park/data=!4m7!3m6!1s0x3bbfb47c7575b261:0x70fc61eb5998e57d!8m2!3d15.2451901!4d73.928639!16s%2Fg%2F11b7bx3vl9!19sChIJYbJ1dXy0vzsRfeWYWeth_HA?authuser=0&hl=en&g_ep=EgoyMDI2MDkzMC4wIJJjKgBIAVAD&rclk=1
Cavatina by Avinash Martins,5.4,Fine dining restaurant,4.600000,2261,,Refined eatery for elevated Goan dishes,"{""link"":"""",""source"":""""}",072764 13482,"Taj Hotel Road, near Joecons Beach Resort, Benaulim, Goa 403",https://www.google.com/maps/place/Cavatina+by+Avinash+Martins/data=!4m7!3m6!1s0x3bbfb47c29479a55:0xb874fa3b2a53a504!8m2!3d15.2433783!4d73.9298956!16s%2Fg%2F12ml2my4b!19sChIJVZpHKXy0vzsRBKVTKjv6dLg?authuser=0&hl=en&g_ep=EgoyMDI2MDkzMC4wIJJjKgBIAVAD&rclk=1
Mama Miso,5.6,Asian restaurant,4.800000,4236,,Brunch,"{""link"":"""",""source"":""""}",091751 89149,"Arossim Beach Rd, Arossim, Goa 403712",https://www.google.com/maps/place/Mama+Miso/data=!4m7!3m6!1s0x3bbfb7e97ce208d7:0x4715cf0ec9b5f427!8m2!3d15.3356908!4d73.8968737!16s%2Fg%2F11rpq3667f!19sChIJ1wjifOm3vzsRJ_S1yQ7PFUc?authuser=0&hl=en&g_ep=EgoyMDI2MDkzMC4wIJJjKgBIAVAD&rclk=1
The Farmhouse Restaurant,5.9,Goan restaurant,4.200000,2599,,Lakefront venue for classic fare,"{""link"":"""",""source"":""""}",098221 30430,"Varca - Margao Rd, Benaulim, Goa 403716",https://www.google.com/maps/place/The+Farmhouse+Restaurant/data=!4m7!3m6!1s0x3bbfb383f9a44725:0x596a7ae93569293d!8m2!3d15.243874!4d73.94415!16s%2Fg%2F11bw5m7twv!19sChIJJUek-YOzvzsRPSlpNel6alk?authuser=0&hl=en&g_ep=EgoyMDI2MDkzMC4wIJJjKgBIAVAD&rclk=1
