restaurant,area,item,price_inr,source,note
The Red Ginger,Colva,Chicken dimsum (4 pcs),360,official menu PDF 2024,taxes extra
The Red Ginger,Colva,Tofu & mushroom dimsum (4 pcs),330,official menu PDF 2024,taxes extra
The Red Ginger,Colva,Prawn/shrimp dimsum (4 pcs),410,official menu PDF 2024,taxes extra
The Red Ginger,Colva,Sweet corn soup (veg / chicken),220/250,official menu PDF 2024,taxes extra
The Red Ginger,Colva,Drums of Heaven (fried wings),350,official menu PDF 2024,taxes extra
The Red Ginger,Colva,Honey chilli chicken,370,official menu PDF 2024,taxes extra
The Red Ginger,Colva,Kung Pao / Hongkong chicken,425,official menu PDF 2024,taxes extra
The Red Ginger,Colva,Fried rice (veg / chicken / prawn),290/320/380,official menu PDF 2024,taxes extra
The Red Ginger,Colva,Wok tossed noodles (veg / chicken / prawn),290/320/380,official menu PDF 2024,taxes extra
The Red Ginger,Colva,Udon noodles (veg / chicken),400/420,official menu PDF 2024,taxes extra
Wow! Momo,Colva,Steamed momo veg/chicken (listed / delivery-app price),69-149,magicpin,heavy discounting; piece count not stated; other outlets list 99-135
Wow! Momo,Colva,Moburg (momo burger),69-149,magicpin,
Momo Mia Cafe,Margao (4 km),Veg steamed momos (7 pcs),100,magicpin,cost for two 300
Rice Bowl,Colva/Seraulim,Chicken sweet corn soup,105,magicpin,listing may be dated; cost for two 850
Rice Bowl,Colva/Seraulim,Veg in Schezwan gravy,155,magicpin,
Rice Bowl,Colva/Seraulim,Veg sweet n sour,165,magicpin,
Rice Bowl,Colva/Seraulim,Fried rice,170,magicpin,
Mama Miso,Arossim,Chicken karaage / teriyaki wings / gyoza,375-395,magicpin,cost for two 1000-2000
Little Bhutan,Colva,Tea / lime soda,50/90,magicpin,food prices not listed; cost for two 500
Korea Goa,Verna,(10-page photo menu not machine-readable),,eazydiner,cost for two 800
Red Lantern,Colva,(no prices found),,,
Tibchi's,Benaulim,(no prices found),,,
